{
    "name": "ROS 2 Development Container",
    "privileged": true,
    "remoteUser": "user",
    "dockerComposeFile": "../docker-compose.yml",
    "service": "franka_ros2",
    "workspaceFolder": "/ros2_ws",
    "initializeCommand": "echo \"USER_UID=$(id -u $USER)\nUSER_GID=$(id -g $USER)\" > .env",
    "customizations": {
        "vscode": {
            "extensions": [
                "ms-python.python",
                "ms-python.vscode-pylance",
                "ms-vscode.cpptools",
                "xaver.clang-format",
                "twxs.cmake",
                "ms-iot.vscode-ros"
            ],
            "settings": {
                "python.analysis.extraPaths": [
                    "/opt/ros/humble/lib/python3.10/site-packages"
                ],
                "terminal.integrated.defaultProfile.linux": "bash",
                "terminal.integrated.profiles.linux": { "bash": { "path": "/bin/bash" } }
            }
        }
    }
}
